d1,d2
Amoxicillin,Clarithromycin
Lansoprazole,Amoxicillin
Ciprofloxacin,Gatifloxacin
Cephalexin,Kanamycin
Etoposide,Tanespimycin
Bevacizumab,Paclitaxel
Perindopril,Indapamide
Gefitinib,Irinotecan
Fexofenadine,Probenecid
Clofarabine,Cytarabine
Erlotinib,Pemetrexed
Morphine,Gabapentin
Methylene,Artemisinin
Cetuximab,Fluorouracil
Amodiaquine,Artesunate
Pioglitazone,Vildagliptin
Amlodipine,Perindopril
Prednisolone,Dipyridamole
Vancomycin,Ceftriaxone
Vancomycin,VPR1020
Ceftriaxone,VPR1020
Cycloserine,Epigallocatechin
Lenalidomide,Dexamethasone
Enalapril,Nitrendipine
Cisplatin,Sabarubicin
Artemether,Lumefantrine
Amlodipine,Telmisartan
Loratadine,Montelukast
Lercanidipine,Enalapril
Bortezomib,Vorinostat
Bortezomib,Lonafarnib
Trastuzumab,Tamoxifen
Rapamycin,CI-1040
Sodium,Amoxicillin
Pheniramine,Antazoline
Aspirin,Dipyridamole
Atorvastatin,Proguanil
Atropine,Diphenoxylate
Atropine,Pralidoxime
Bacitracin,Hydrocortisone
Bacitracin,Polymyxin
Bacitracin,Neomycin
Hydrocortisone,Polymyxin
Hydrocortisone,Neomycin
Polymyxin,Neomycin
Doxorubicin,Trabectedin
Bevacizumab,Carboplatin
Carboplatin,Paclitaxel
Cerivastatin,Gemfibrozil
Rituximab,Cyclophosphamide
Rituximab,Vincristine
Rituximab,Prednisone
Rituximab,Doxorubicin
Cyclophosphamide,Vincristine
Cyclophosphamide,Prednisone
Cyclophosphamide,Doxorubicin
Vincristine,Prednisone
Vincristine,Doxorubicin
Prednisone,Doxorubicin
Fluorouracil,Sorivudine
Ritonavir,Saquinavir
Heparin,Sodium
Erythromycin,Benzoyl
Cyclosporine,Rosuvastatin
Clindamycin,Benzoyl
Ganciclovir,Scopadulciol
Ganciclovir,HSV
Scopadulciol,HSV
Chlorpheniramine,Methamphetamine
Ganciclovir,Ponicidin
Ponicidin,HSV
Niacin,Laropiprant
Nevirapine,Zidovudine
Nevirapine,Delavirdine
Zidovudine,Delavirdine
Vitamin,Paclitaxel
Gefitinib,PD98059
Trimethoprim,Polymyxin
Trimethoprim,Sulfamethoxazole
Polymyxin,Sulfamethoxazole
Dasatinib,Midostaurin
Tenofovir,Lamivudine
Trastuzumab,Cisplatin
Minocycline,Glatiramer
Polymyxin,Miconazole
Imatinib,L744832
Sorafenib,Genistein
Praziquantel,Artemether
Praziquantel,"1,2,4-trioxolane"
Artemether,"1,2,4-trioxolane"
Gefitinib,Taxane
Oxaliplatin,Capecitabine
Praziquantel,Tribendimidine
Praziquantel,Artesunate
Tribendimidine,Artesunate
Paclitaxel,NU6140
Naltrexone,Bupropion
Glimepiride,Metformin
Glimepiride,Rosiglitazone
Metformin,Rosiglitazone
Sorafenib,Carboplatin
Cyclophosphamide,Paclitaxel
Bevacizumab,Sunitinib
Beclomethasone,Formoterol
Azithromycin,Ceftazidime
Timolol,Bimatoprost
U0126,Tanespimycin
Dexamethasone,ABT-737
Tetracycline,Metronidazole
Tetracycline,Bismuth
Metronidazole,Bismuth
Timolol,Brimonidine
Betamethasone,Calcipotriol
Clotrimazole,Betamethasone
Cerulenin,Levodopa
Heparin,Chitosan
Dextromethorphan,Brompheniramine
Dextromethorphan,Pseudoephedrine
Brompheniramine,Pseudoephedrine
Formoterol,Budesonide
Tenofovir,Efavirenz
Efavirenz,Emtricitabine
Nimodipine,Citicoline
Bortezomib,Etoposide
Oxaliplatin,Dasatinib
Ramipril,Candesartan
Irinotecan,Docetaxel
Saquinavir,Lopinavir
Clioquinol,GW6471
Clioquinol,Docosahexaenoic
GW6471,Docosahexaenoic
Daptomycin,Rifampin
Gemcitabine,Tegafur
Gemcitabine,Potassium
Gemcitabine,"5-2,4-dihydroxypyrimidine"
Tegafur,Potassium
Tegafur,"5-2,4-dihydroxypyrimidine"
Potassium,"5-2,4-dihydroxypyrimidine"
Enalapril,BQ-123
Cisplatin,Tegafur
Cisplatin,Potassium
Cisplatin,"5-2,4-dihydroxypyrimidine"
Daptomycin,Ampicillin
Bevacizumab,Erlotinib
Vancomycin,Gentamicin
Bortezomib,Cytarabine
Bortezomib,Dexamethasone
Cytarabine,Dexamethasone
Paclitaxel,Peloruside
Paclitaxel,Trabectedin
Paclitaxel,Discodermolide
Irinotecan,Tegafur
Irinotecan,Potassium
Irinotecan,"5-2,4-dihydroxypyrimidine"
Mitomycin,Tegafur
Mitomycin,Potassium
Mitomycin,"5-2,4-dihydroxypyrimidine"
Doxorubicin,Tegafur
Doxorubicin,Potassium
Doxorubicin,"5-2,4-dihydroxypyrimidine"
Anidulafungin,Amphotericin
Paclitaxel,Tegafur
Paclitaxel,Potassium
Paclitaxel,"5-2,4-dihydroxypyrimidine"
Curcumin,Artemisinin
Fluorouracil,SC144
Oxaliplatin,SC144
Gemcitabine,Cisplatin
Mefloquine,Methylene
Aldesleukin,IL-27
Tretinoin,Trichostatin
Tobramycin,Meropenem
Propofol,Sevoflurane
Cisplatin,Lexatumumab
Ampicillin,Imipenem
Dexmedetomidine,CP55940
Morphine,CP55940
Nitroprusside,Diazoxide
Diazoxide,Dibutyryl-cGMP
Ritonavir,Rifampin
Ritonavir,Lopinavir
Rifampin,Lopinavir
Peginterferon,Ribavirin
Peginterferon,Abacavir
Ribavirin,Abacavir
Rifampin,Saquinavir
Paclitaxel,Lonafarnib
Phenytoin,Valproic
Pyrazinamide,Zidovudine
Pyrazinamide,Efavirenz
Pyrazinamide,Isoniazid
Pyrazinamide,Rifampin
Pyrazinamide,Abacavir
Zidovudine,Efavirenz
Zidovudine,Isoniazid
Zidovudine,Rifampin
Zidovudine,Abacavir
Efavirenz,Isoniazid
Efavirenz,Rifampin
Efavirenz,Abacavir
Isoniazid,Rifampin
Isoniazid,Abacavir
Rifampin,Abacavir
Paclitaxel,Tubacin
Valproic,Ethosuximide
Ethambutol,Pyrazinamide
Ethambutol,Isoniazid
Ethambutol,Rifampin
Arsenic,17-DMAG
Mitomycin,Doxorubicin
Nevirapine,Stavudine
Nevirapine,Lamivudine
Nevirapine,Rifampin
Stavudine,Lamivudine
Stavudine,Rifampin
Lamivudine,Rifampin
Cytarabine,Aplidine
Clonidine,Dexmedetomidine
Cisplatin,ABT-737
Etoposide,ABT-737
Efavirenz,Lamivudine
Efavirenz,Didanosine
Lamivudine,Didanosine
Didanosine,Rifampin
Paclitaxel,Trichostatin
Tramadol,Dexketoprofen
Ritonavir,Lamivudine
Ritonavir,Didanosine
Ritonavir,Isoniazid
Lamivudine,Isoniazid
Lamivudine,Saquinavir
Didanosine,Isoniazid
Didanosine,Saquinavir
Isoniazid,Saquinavir
Colistin,Imipenem
Trastuzumab,Bortezomib
Triclosan,Ec107fabI
Celecoxib,Emodin
Imatinib,Vorinostat
Valproic,Lamotrigine
Rapamycin,3-BROP
Valproic,Gabapentin
Carbamazepine,Gabapentin
Cimetidine,Fexofenadine
Diclofenac,Tetracycline
Tetracycline,Naproxen
Simvastatin,Fenofibrate
Erythromycin,Penicillin
Oxcarbazepine,Levetiracetam
Topotecan,Lapatinib
Sildenafil,Iloprost
Oxcarbazepine,Gabapentin
Ramipril,Aliskiren
Dexmedetomidine,ST-91
Tiagabine,Gabapentin
Irbesartan,Aliskiren
Mycophenolate,Mizoribine
Topiramate,Lamotrigine
Ramipril,Alagebrium
Topiramate,Carbamazepine
Everolimus,AEE788
Topiramate,Valproic
Theophylline,Diphenhydramine
Topiramate,Oxcarbazepine
Topiramate,Levetiracetam
Decitabine,Depsipeptide
Gefitinib,Adarotene
Fluorouracil,RPR-115135
Lamotrigine,Carbamazepine
Rifampin,Fusidic
Vancomycin,Dipropofol
Zoledronate,Tipifarnib
Benazepril,Hydrochlorothiazide
Hydrochlorothiazide,Aliskiren
Amlodipine,Atorvastatin
Fosinopril,Hydrochlorothiazide
Pseudoephedrine,Guaifenesin
Homatropine,Hydrocodone
Amlodipine,Benazepril
Olmesartan,Amlodipine
Amiloride,Hydrochlorothiazide
Bendroflumethiazide,Nadolol
Cisplatin,Irinotecan
Doxorubicin,2-methoxyestradiol
Cisplatin,2-methoxyestradiol
Paclitaxel,2-methoxyestradiol
Albendazole,Prednisolone
Tacrolimus,Everolimus
Isoniazid,Beta-lapachone
Norethindrone,Letrozole
Toremifene,Paclitaxel
Zoledronate,Doxorubicin
Lisinopril,Hydrochlorothiazide
Losartan,Hydrochlorothiazide
Methyldopa,Hydrochlorothiazide
Metoprolol,Hydrochlorothiazide
Valsartan,Amlodipine
Isosorbide,Hydralazine
Hydrochlorothiazide,Irbesartan
Olmesartan,Hydrochlorothiazide
Propranolol,Hydrochlorothiazide
Quinapril,Hydrochlorothiazide
Triclosan,DispersinB
Amikacin,Tigecycline
Tigecycline,Levofloxacin
Tigecycline,Colistin
Tigecycline,Imipenem
Doxorubicin,NGR-hTNF
Oseltamivir,Ribavirin
Oseltamivir,Amantadine
Ribavirin,Amantadine
Trimethoprim,Ciprofloxacin
Linezolid,Isoniazid
Linezolid,Rifampin
Propofol,Remifentanil
Ampicillin,Gentamicin
Clindamycin,Tazarotene
Benzoyl,Tazarotene
Tetracycline,Esomeprazole
Metronidazole,Esomeprazole
Clobetasol,Ketoconazole
Irinotecan,Capecitabine
Escitalopram,Lisdexamfetamine
Morphine,Epinephrine
Morphine,Ketorolac
Morphine,Ropivacaine
Epinephrine,Ketorolac
Epinephrine,Ropivacaine
Ketorolac,Ropivacaine
Mycophenolate,Rapamycin
Piperacillin,Clavulanate
Piperacillin,Amoxicillin
Piperacillin,Tazobactam
Clavulanate,Amoxicillin
Clavulanate,Tazobactam
Amoxicillin,Tazobactam
Valsartan,Nateglinide
Epirubicin,Cyclophosphamide
Epirubicin,Docetaxel
Epirubicin,Lapatinib
Cyclophosphamide,Docetaxel
Cyclophosphamide,Lapatinib
Docetaxel,Lapatinib
Ribavirin,Interferon
Amantadine,Interferon
Rituximab,Etoposide
Cyclophosphamide,Etoposide
Vincristine,Etoposide
Etoposide,Doxorubicin
Warfarin,Enoxaparin
Cetuximab,Gemcitabine
Isoniazid,Rifapentine
Rapamycin,Tirofiban
Methotrexate,Tretinoin
Methotrexate,Mercaptopurine
Methotrexate,Idarubicin
Tretinoin,Mercaptopurine
Tretinoin,Idarubicin
Mercaptopurine,Idarubicin
Trastuzumab,Cyclophosphamide
Trastuzumab,Doxorubicin
Trastuzumab,Paclitaxel
Doxorubicin,Paclitaxel
Rosiglitazone,Saxagliptin
Rituximab,Mycophenolate
Prednisone,Mycophenolate
Paclitaxel,Lapatinib
Cisplatin,Doxorubicin
Cerebrolysin,Donepezil
Raltegravir,Atazanavir
Albendazole,Praziquantel
Albendazole,Ivermectin
Praziquantel,Ivermectin
Valproic,Risperidoene
Bortezomib,Prednisone
Bortezomib,Melphalan
Prednisone,Melphalan
Temozolomide,Dacarbazine
Octreotide,Midodrine
Bevacizumab,Fluorouracil
Bevacizumab,Leucovorin
Bevacizumab,Irinotecan
Fluorouracil,Leucovorin
Fluorouracil,Irinotecan
Leucovorin,Irinotecan
Norepinephrine,Terlipressin
Capecitabine,Paclitaxel
Conjugated,Tolterodine
Gramicidin,Polymyxin
Gramicidin,Neomycin
Gentamicin,Prednisolone
Fluocinolone,Tretinoin
Fluocinolone,Hydroquinone
Tretinoin,Hydroquinone
Fluocinolone,Tobramycin
Olanzapine,Fluoxetine
Fluticasone,Salmeterol
Etonogestrel,Ethinyl
Ethinyl,Drospirenone
Estradiol,Drospirenone
Simvastatin,Ezetimibe
Ethynodiol,Ethinyl
Norethindrone,Mestranol
Estradiol,Norgestimate
Erythromycin,Sulfisoxazole
Levonorgestrel,Estradiol
Lidocaine,Epinephrine
Epinephrine,Prilocaine
Bupivacaine,Epinephrine
Epinephrine,Articaine
Ibuprofen,Diphenhydramine
Tamoxifen,Interferon
Omeprazole,Amoxicillin
Ethambutol,Rifabutin
Ethambutol,Clofazimine
Rifabutin,Clofazimine
Rifabutin,Isoniazid
Clofazimine,Isoniazid
Cisplatin,Cytarabine
Methotrexate,Rabeprazole
Atovaquone,Proguanil
Caffeine,Aspirin
Caffeine,Orphenadrine
Aspirin,Orphenadrine
Nystatin,Colistin
Nystatin,Pipemidic
Colistin,Pipemidic
Altretamine,Cisplatin
Altretamine,Cyclophosphamide
Altretamine,Fluorouracil
Cisplatin,Cyclophosphamide
Cisplatin,Fluorouracil
Cyclophosphamide,Fluorouracil
Fentanyl,Diazepam
Fluorouracil,Doxorubicin
Hydrochlorothiazide,Captopril
Oxycodone,Aspirin
Candesartan,Hydrochlorothiazide
Carisoprodol,Aspirin
Meprobamate,Aspirin
Sumatriptan,Naproxen
Caffeine,Butalbital
Butalbital,Aspirin
Codeine,Carisoprodol
Codeine,Aspirin
Caffeine,Codeine
Butalbital,Codeine
Aspirin,Dihydrocodeine
Telmisartan,Hydrochlorothiazide
Spironolactone,Hydrochlorothiazide
Valsartan,Hydrochlorothiazide
Triamterene,Hydrochlorothiazide
Enalapril,Felodipine
Trandolapril,Verapamil
Methocarbamol,Aspirin
Eprosartan,Hydrochlorothiazide
Enalapril,Hydrochlorothiazide
Flavopiridol,Phorbol
Ceftazidime,Pefloxacin
Piperacillin,Garenoxacin
Tazobactam,Garenoxacin
Amikacin,Garenoxacin
Aztreonam,Garenoxacin
Chlorthalidone,Atenolol
Caffeine,Ergotamine
Hydrocodone,Ibuprofen
Clozapine,Fluoxetine
Indinavir,Zidovudine
Indinavir,Didanosine
Zidovudine,Didanosine
Acetaminophen,Ketoprofen
Amikacin,Ceftriaxone
Ceftazidime,Amikacin
Amitriptyline,Chlordiazepoxide
Ipratropium,Salbutamol
Pseudoephedrine,Acrivastine
Hydrocortisone,Pramoxine
Acetaminophen,Dexbrompheniramine
Acetaminophen,Pseudoephedrine
Dexbrompheniramine,Pseudoephedrine
Clemastine,Acetaminophen
Clemastine,Pseudoephedrine
Loratadine,Pseudoephedrine
Oxycodone,Ibuprofen
Pentazocine,Naloxone
Timolol,Dorzolamide
Ciprofloxacin,Dexamethasone
Ciprofloxacin,Hydrocortisone
Bisoprolol,Hydrochlorothiazide
Oxytetracycline,Hydrocortisone
Hydrocortisone,Colistin
Hydrocortisone,Thonzonium
Colistin,Neomycin
Colistin,Thonzonium
Neomycin,Thonzonium
Tobramycin,Dexamethasone
Dextromethorphan,Tropicamide
Pseudoephedrine,Ibuprofen
LG100268,Arzoxifene
Cisplatin,Docetaxel
Fluorouracil,Docetaxel
Topiramate,Raclopride
Prochlorperazine,Methdilazine
Amlodipine,Streptomycin
Rituximab,Fludarabine
Trastuzumab,Gefitinib
Endomorphin-1,Kynurenic
Amoxicillin,Lafutidine
Clarithromycin,Lafutidine
Dexmedetomidine,Endomorphin-1
Cytarabine,Trimidox
Ketamine,Endomorphin-1
Cefepime,Garenoxacin
Sorafenib,Paclitaxel
Imipenem,Garenoxacin
Zidovudine,Lamivudine
Lamivudine,Abacavir
Bortezomib,Thalidomide
Thalidomide,Dexamethasone
Cetuximab,Bevacizumab
Atorvastatin,Torcetrapib
Tenofovir,Emtricitabine
Hydroxyurea,Magnesium
Cyclosporine,Rapamycin
Lidocaine,Tetracaine
Acetaminophen,Codeine
Acetaminophen,Aspirin
Lidocaine,Prilocaine
Caffeine,Acetaminophen
Lovastatin,Niacin
Tobramycin,Loteprednol
Butalbital,Acetaminophen
Mepivacaine,Levonordefrin
Lansoprazole,Naproxen
Metformin,Pioglitazone
Metformin,Repaglinide
Niacin,Simvastatin
Pyrazinamide,PA-824
LY294002,Roscovitine
Atenolol,Fingolimod
Celecoxib,Perifosine
Diltiazem,Fingolimod
Metformin,Doxorubicin
Rifampin,PA-824
Caffeine,Indomethacin
Caffeine,Prochlorperazine
Indomethacin,Prochlorperazine
Asparaginase,Vincristine
Asparaginase,Topotecan
Asparaginase,Dexamethasone
Vincristine,Topotecan
Vincristine,Dexamethasone
Topotecan,Dexamethasone
Trastuzumab,Capecitabine
Cisplatin,Capecitabine
Raloxifene,Fluorouracil
Raloxifene,Trimetrexate
Fluorouracil,Trimetrexate
Prednisone,Thalidomide
Thalidomide,Melphalan
Azithromycin,Mercaptopurine
Caffeine,Dihydrocodeine
Acetaminophen,Dihydrocodeine
Cetuximab,Afatinib
Acetaminophen,Propoxyphene
Rifampin,Clarithromycin
Acetaminophen,Pentazocine
Rifabutin,Mercaptopurine
Acetaminophen,Oxycodone
Mercaptopurine,Rifampin
Mercaptopurine,Clarithromycin
Pheniramine,Naphazoline
Metformin,Glyburide
Metformin,Glipizide
Tramadol,Acetaminophen
Glimepiride,Pioglitazone
Metformin,Sitagliptin
Carbidopa,Levodopa
Diclofenac,Quinidine
Carbidopa,Entacapone
Entacapone,Levodopa
Warfarin,Quinidine
Pseudoephedrine,Chlorpheniramine
Ibuprofen,Chlorpheniramine
Cetirizine,Pseudoephedrine
Mycophenolate,Rifampin
Amphotericin,Miltefosine
Cisplatin,Tirapazamine
Cisplatin,Adenoviral
Tirapazamine,Adenoviral
Buprenorphine,Naloxone
Cisplatin,Procainamide
Gamma,Luteolin
Aciclovir,Naproxen
Amphotericin,Posaconazole
Aciclovir,Ketoprofen
Imatinib,Arsenic
Ciprofloxacin,Probenecid
Imatinib,Temozolomide
Famotidine,Probenecid
Paclitaxel,Decitabine
Probenecid,Gemifloxacin
Cisplatin,Oxaliplatin
Omeprazole,Methotrexate
Naproxen,Pseudoephedrine
Bortezomib,Cisplatin
Furosemide,Lomefloxacin
Triamcinolone,Nystatin
Imatinib,Capecitabine
Ranitidine,Lomefloxacin
Polymyxin,Prednisolone
Prednisolone,Neomycin
Bortezomib,Gemcitabine
Bortezomib,Carboplatin
Gemcitabine,Carboplatin
Omeprazole,Sodium
Oxytetracycline,Polymyxin
Pioglitazone,Alogliptin
Phenylephrine,Promethazine
Glyburide,Alogliptin
Sulfacetamide,Prednisolone
Lamotrigine,Oxcarbazepine
Cisplatin,Phenoxodiol
Tretinoin,Clindamycin
Rosuvastatin,Gemfibrozil
Fluorouracil,"""2'-Deoxyinosine"""
Hydrocodone,Chlorpheniramine
Cilastatin,Imipenem
Clavulanate,Ticarcillin
Pseudoephedrine,Fexofenadine
Pseudoephedrine,Desloratadine
Probenecid,Colchicine
Bortezomib,Lenalidomide
Codeine,Triprolidine
Codeine,Pseudoephedrine
Triprolidine,Pseudoephedrine
Adapalene,Benzoyl
Codeine,Promethazine
Cisplatin,Temozolomide
Codeine,Phenylephrine
Cisplatin,Rapamycin
Pantoprazole,Methotrexate
Letrozole,Lapatinib
Trastuzumab,Carboplatin
Trastuzumab,Docetaxel
Carboplatin,Docetaxel
Tamoxifen,Methylseleninic
Trastuzumab,Gemcitabine
Trimethoprim,Gemifloxacin
Sulfamethoxazole,Gemifloxacin
Trastuzumab,Epirubicin
Rosiglitazone,Carboplatin
Trifluridine,Docetaxel
Trastuzumab,Vinorelbine
Ifosfamide,Mesna
Sodium,Sodium
Timolol,Latanoprost
Timolol,Brinzolamide
Temozolomide,Lomeguatrib
Pyrimethamine,Sulfadoxine
Artemisinin,Naphthoquine
Oxaliplatin,Irinotecan
Rapamycin,Midostaurin
Cisplatin,Trabectedin
Phenylephrine,Cyclopentolate
Arsenic,Tanespimycin
Imatinib,Rapamycin
Cetuximab,Carboplatin
Cetuximab,Paclitaxel
Cisplatin,Topotecan
Capecitabine,Docetaxel
Fluorouracil,Methotrexate
Methotrexate,Leucovorin
Acetaminophen,Diclofenac
Valproic,Meropenem
Dextromethorphan,Promethazine
Diclofenac,Misoprostol
Dextromethorphan,Guaifenesin
Cytarabine,Tanespimycin
Adalimumab,Methotrexate
Azithromycin,Imipenem
Fenretinide,Sodium
Amphotericin,Ravuconazole
Amitriptyline,Perphenazine
Zidovudine,Eucalyptol
Theophylline,Aminophylline
Doxorubicin,HPMA
Ipilimumab,Fotemustine
Heparin,Eptifibatide
Oxaliplatin,Lapatinib
Capecitabine,Lapatinib
Paromomycin,Sodium
Ribavirin,Sofosbuvir
Sofosbuvir,Interferon
Vitamin,Cisplatin
Vitamin,Dexamethasone
Vitamin,Folic
Cisplatin,Dexamethasone
Cisplatin,Folic
Dexamethasone,Folic
Omeprazole,Diclofenac
Cediranib,Olaparib
Fluticasone,Omalizumab
Trastuzumab,Bevacizumab
Bevacizumab,Docetaxel
Tamoxifen,Goserelin
Methotrexate,Abatacept
Vinorelbine,Docetaxel
Tobramycin,Amoxicillin
Tobramycin,Ceftriaxone
Tobramycin,Cefotaxime
Tobramycin,Netilmicin
Amoxicillin,Ceftriaxone
Amoxicillin,Cefotaxime
Amoxicillin,Netilmicin
Ceftriaxone,Cefotaxime
Ceftriaxone,Netilmicin
Cefotaxime,Netilmicin
Aspirin,Dexamethasone
Aspirin,Pomalidomide
Dexamethasone,Pomalidomide
Peginterferon,Balapiravir
Ribavirin,Balapiravir
Insulin,Saxagliptin
Aldesleukin,Sorafenib
Cyclophosphamide,Pemetrexed
Aspirin,Atorvastatin
Hydrocortisone,Insulin
Hydrocortisone,Fludrocortisone
Insulin,Fludrocortisone
Methotrexate,Ocrelizumab
Methotrexate,Leflunomide
Ocrelizumab,Leflunomide
Amlodipine,Irbesartan
Pyrimethamine,Artesunate
Pyrimethamine,Chloroquine
Sulfadoxine,Artesunate
Sulfadoxine,Chloroquine
Artesunate,Chloroquine
Nevirapine,Didanosine
PA-824,Bedaquiline
Bevacizumab,Enzastaurin
Fluorouracil,Enzastaurin
Leucovorin,Enzastaurin
Trastuzumab,Zoledronate
Zoledronate,Epirubicin
Zoledronate,Docetaxel
Interferon,Temsirolimus
Gemcitabine,Docetaxel
Aldesleukin,Sargramostim
Aldesleukin,Isotretinoin
Sargramostim,Isotretinoin
Aspirin,Heparin
Bevacizumab,Temsirolimus
Morphine,Naltrexone
Amphetamine,Dextroamphetamine
Amlodipine,Hydrochlorothiazide
Omeprazole,Clarithromycin
Ezetimibe,Atorvastatin
Ezetimibe,Calcium
Atorvastatin,Calcium
Norethindrone,Estradiol
Metformin,Saxagliptin
Tenofovir,Cobicistat
Tenofovir,Elvitegravir
Emtricitabine,Cobicistat
Emtricitabine,Elvitegravir
Cobicistat,Elvitegravir
Amlodipine,Aliskiren
Ethinyl,Norelgestromin
Valsartan,Aliskiren
Chloroquine,Primaquine
Hydrochlorothiazide,Moexipril
Metformin,Alogliptin
Formoterol,Mometasone
Chlorthalidone,Azilsartan
Cholecalciferol,Alendronate
Tamsulosin,Dutasteride
Epinephrine,Etidocaine
Epinephrine,Procaine
Naproxen,Esomeprazole
Medroxyprogeterone,Estradiol
Testosterone,Estradiol
Conjugated,Medroxyprogeterone
Meprobamate,Conjugated
Norethindrone,Ethinyl
Norethindrone,Ferrous
Ethinyl,Ferrous
Norgestimate,Ethinyl
Ethynodiol,Mestranol
Ferrous,Folic
Fluocinolone,Neomycin
Tobramycin,Fluorometholone
Sulfacetamide,Fluorometholone
Neomycin,Flurandrenolide
Hydrochlorothiazide,Guanethidine
Hydrochlorothiazide,Hydralazine
Hydrochlorothiazide,Reserpine
Hydralazine,Reserpine
Hydrochlorothiazide,Labetalol
Hydrochlorothiazide,Pindolol
Timolol,Hydrochlorothiazide
Hydrocodone,Phenylpropanolamine
Pseudoephedrine,Hydrocodone
Hydrocortisone,Urea
Hydrocortisone,Tetracycline
Hydroflumethiazide,Reserpine
Tropicamide,Hydroxyamphetamine
Phenylephrine,Ibuprofen
Phenylephrine,Isoproterenol
Norethindrone,Leuprolide
Levonordefrin,Procaine
Levonordefrin,Propoxycaine
Procaine,Propoxycaine
Lidocaine,Oxytetracycline
Loperamide,Simethicone
Sorbitol,Mannitol
Promethazine,Meperidine
Tretinoin,Mequinol
Mestranol,Norethynodrel
Methyclothiazide,Pargyline
Methyclothiazide,Reserpine
Neomycin,Methylprednisolone
Triamcinolone,Neomycin
Pyridoxine,Niacinamide
Pyridoxine,Tyrosine
Niacinamide,Tyrosine
Sulfamethoxazole,Phenazopyridine
Trimethoprim,Phenazopyridine
Sulfisoxazole,Phenazopyridine
Phenylephrine,Pyrilamine
Piperonyl,Pyrethrins
Prazosin,Polythiazide
Polythiazide,Reserpine
Tetracycline,Procaine
Theophylline,Procaine
Quinethazone,Reserpine
Reserpine,Trichlormethiazide
Simvastatin,Sitagliptin
Sulfadiazine,Sulfamerazine
Sulfacetamide,Sulfabenzamide
Sulfacetamide,Sulfathiazole
Sulfabenzamide,Sulfathiazole
Sulfadiazine,Sulfamethazine
Sulfamerazine,Sulfamethazine
Vilanterol,Umeclidinium
Fluoxetine,Venlafaxine
Fluoxetine,Quetiapine
Venlafaxine,Quetiapine
Vinorelbine,Neratinib
Simvastatin,Lovaza
Trastuzumab,Neratinib
Cyclophosphamide,Neratinib
Doxorubicin,Neratinib
Paclitaxel,Neratinib
Cholecalciferol,Calcium
Rituximab,Ifosfamide
Rituximab,Pegfilgrastim
Rituximab,Sargramostim
Etoposide,Ifosfamide
Etoposide,Pegfilgrastim
Etoposide,Sargramostim
Ifosfamide,Pegfilgrastim
Ifosfamide,Sargramostim
Pegfilgrastim,Sargramostim
Insulin,Isophane
Ritonavir,Atazanavir
Ritonavir,Telaprevir
Atazanavir,Telaprevir
Ribavirin,Albinterferon
Cyclosporine,Mycophenolate
Cyclosporine,Basiliximab
Mycophenolate,Basiliximab
Metformin,Dapagliflozin
Cetuximab,Leucovorin
Cetuximab,Irinotecan
Fingolimod,Interferon
Fluticasone,GSK2190915
Salmeterol,GSK2190915
Deferoxamine,Acetylcysteine
Tipifarnib,Fulvestrant
Interferon,Teriflunomide
Oxycodone,Pregabalin
Capecitabine,Sunitinib
Docetaxel,Vandetanib
Cisplatin,Pemetrexed
Pemetrexed,Docetaxel
Valproic,Tretinoin
Valproic,Azacitidine
Tretinoin,Azacitidine
Methotrexate,Cytarabine
Methotrexate,Arsenic
Methotrexate,Daunorubicin
Tretinoin,Cytarabine
Tretinoin,Arsenic
Tretinoin,Daunorubicin
Cytarabine,Mercaptopurine
Cytarabine,Arsenic
Cytarabine,Daunorubicin
Mercaptopurine,Arsenic
Mercaptopurine,Daunorubicin
Arsenic,Daunorubicin
Clobazam,Tolterodine
Clobazam,Clonazepam
Tolterodine,Clonazepam
Pemetrexed,ABT-751
Ethambutol,Moxifloxacin
Pyrazinamide,Moxifloxacin
Rifampin,Moxifloxacin
Deferoxamine,Deferiprone
Oxaliplatin,Fluorouracil
Oxaliplatin,Leucovorin
Oxaliplatin,Panitumumab
Fluorouracil,Panitumumab
Leucovorin,Panitumumab
Rituximab,Pixantrone
Cyclophosphamide,Pixantrone
Vincristine,Pixantrone
Prednisone,Pixantrone
Docetaxel,Zibotentan
Amphotericin,Deferasirox
Meropenem,Moxifloxacin
Amodiaquine,Primaquine
Artesunate,Primaquine
Polyethylene,Lubiprostone
Ritonavir,Abacavir
Lamivudine,Lopinavir
Abacavir,Lopinavir
Rituximab,Methotrexate
Rituximab,Folic
Rituximab,Methylprednisolone
Methotrexate,Folic
Methotrexate,Methylprednisolone
Folic,Methylprednisolone
Somatokine,Iplex
Arformoterol,Tiotropium
Lamivudine,Atazanavir
Abacavir,Atazanavir
Fluorouracil,Carboplatin
Glimepiride,Sitagliptin
Decitabine,Romiplostim
Prednisone,Defibrotide
Thalidomide,Defibrotide
Melphalan,Defibrotide
Dexamethasone,Aprepitant
Dexamethasone,Ondansetron
Dexamethasone,Fosaprepitant
Aprepitant,Ondansetron
Aprepitant,Fosaprepitant
Ondansetron,Fosaprepitant
Bevacizumab,Lapatinib
Pyrazinamide,Bedaquiline
Aspirin,Ticagrelor
Atorvastatin,Fimasartan
Paclitaxel,Afatinib
Ritonavir,Raltegravir
Ritonavir,Darunavir
Raltegravir,Darunavir
Aspirin,Dimethyl
Nevirapine,Tenofovir
Nevirapine,Emtricitabine
Ethinyl,Medroxyprogeterone
Ethinyl,Somatropin
Medroxyprogeterone,Somatropin
Methotrexate,Golimumab
Bevacizumab,Oxaliplatin
Lenalidomide,Prednisone
Lenalidomide,Melphalan
Cetuximab,Oxaliplatin
Cetuximab,Capecitabine
Bevacizumab,Capecitabine
Sorafenib,Gemcitabine
Sorafenib,Capecitabine
Gemcitabine,Capecitabine
Zidovudine,Maraviroc
Lamivudine,Maraviroc
Paclitaxel,Trebananib
Acetaminophen,Ibuprofen
Diclofenac,Ibuprofen
Cyclophosphamide,Capecitabine
Rituximab,Ibritumomab
Doxorubicin,Docetaxel
Propofol,Midazolam
Acetaminophen,Dextromethorphan
Acetaminophen,Guaifenesin
Acetaminophen,Amoxicillin
Dextromethorphan,Amoxicillin
Pseudoephedrine,Amoxicillin
Guaifenesin,Amoxicillin
Losartan,Lisinopril
Losartan,Atorvastatin
Lisinopril,Atorvastatin
Everolimus,Mycophenolate
Capecitabine,Ixabepilone
Letrozole,Everolimus
Cytarabine,SCH
Mefloquine,Artesunate
Lansoprazole,Budesonide
Midazolam,Brentuximab
Piperaquine,Dihydroartemisinin
Entecavir,Adefovir
Lapatinib,Pazopanib
Gemcitabine,Oxaliplatin
Omeprazole,Aspirin
Omeprazole,Clopidogrel
Aspirin,Clopidogrel
Hydromorphone,Oxymorphone
Tenofovir,Zidovudine
Zidovudine,Emtricitabine
Metformin,Olanzapine
Metformin,Amantadine
Metformin,Zonisamide
Olanzapine,Amantadine
Olanzapine,Zonisamide
Amantadine,Zonisamide
Bortezomib,Panobinostat
Dexamethasone,Panobinostat
Hydrocortisone,Drotrecogin
Drotrecogin,Fludrocortisone
Trastuzumab,Fluorouracil
Epirubicin,Fluorouracil
Peginterferon,Sorafenib
Gemcitabine,Irinotecan
Gemcitabine,Panitumumab
Irinotecan,Panitumumab
Bevacizumab,Cisplatin
Fluorouracil,Capecitabine
Gefitinib,Anastrozole
Warfarin,Heparin
Trastuzumab,Lapatinib
Zidovudine,Ritonavir
Zidovudine,Lopinavir
Peginterferon,Imatinib
Ivermectin,Mebendazole
Pioglitazone,Saxagliptin
Emtricitabine,Didanosine
Emtricitabine,Atazanavir
Didanosine,Atazanavir
Alogliptin,Insulin
Felodipine,Irbesartan
Epirubicin,Pegfilgrastim
Docetaxel,Pegfilgrastim
Gemcitabine,Iniparib
Carboplatin,Iniparib
Metformin,Canagliflozin
Fluoxetine,Clomipramine
Gefitinib,Docetaxel
Atenolol,Propranolol
Atenolol,Losartan
Propranolol,Losartan
Oxytocin,Mifepristone
Bortezomib,Cyclophosphamide
Cyclophosphamide,Thalidomide
Cyclophosphamide,Dexamethasone
Atorvastatin,Lovaza
Lenalidomide,Aspirin
Lenalidomide,Bendamustine
Aspirin,Bendamustine
Dexamethasone,Bendamustine
Prednisone,Docetaxel
Prednisone,Enzastaurin
Docetaxel,Enzastaurin
Repaglinide,Insulin
Metformin,Liraglutide
Lopinavir,Raltegravir
Amphotericin,Fluconazole
Glatiramer,Interferon
O6-benzylguanine,Carmustine
Valproic,Lithium
Rituximab,Lenalidomide
Cetuximab,Erlotinib
Methotrexate,Sulfasalazine
Methotrexate,Hydroxychloroquine
Sulfasalazine,Leflunomide
Sulfasalazine,Hydroxychloroquine
Leflunomide,Hydroxychloroquine
Prochlorperazine,Dexamethasone
Prochlorperazine,Granisetron
Dexamethasone,Granisetron
Cyclophosphamide,Fludarabine
Cyclophosphamide,Campath
Fludarabine,Campath
Mycophenolate,Tacrolimus
Mycophenolate,Anti-thymocyte
Tacrolimus,Rapamycin
Tacrolimus,Anti-thymocyte
Rapamycin,Anti-thymocyte
Diclofenac,Tanezumab
Aztreonam,Vancomycin
Beclomethasone,Salbutamol
Vorinostat,Gemtuzumab
Glimepiride,Insulin
Metformin,Insulin
Infliximab,Methylprednisolone
Infliximab,Azathioprine
Methylprednisolone,Azathioprine
Atorvastatin,Clopidogrel
Cisplatin,Vincristine
Cisplatin,Ifosfamide
Cisplatin,Palifermin
Vincristine,Ifosfamide
Vincristine,Palifermin
Doxorubicin,Ifosfamide
Doxorubicin,Palifermin
Ifosfamide,Palifermin
Norepinephrine,Dobutamine
Fluorouracil,Octreotide
Amoxicillin,Artemether
Amoxicillin,Lumefantrine
Beclomethasone,Salmeterol
Gentamicin,Levofloxacin
Oxaliplatin,Docetaxel
Leucovorin,Docetaxel
Ganitumab,Fulvestrant
Goserelin,Bicalutamide
Epirubicin,Recombinant
Docetaxel,Recombinant
Aripiprazole,Lithium
Metformin,Folic
Ganitumab,Exemestane
Ezetimibe,Fluvastatin
Omeprazole,Tetracycline
Omeprazole,Metronidazole
Omeprazole,Bismuth
PA-824,Moxifloxacin
Lenalidomide,Carfilzomib
Dexamethasone,Carfilzomib
Bevacizumab,Pemetrexed
Artemether,Chloroquine
Lumefantrine,Chloroquine
Lenalidomide,Cyclophosphamide
Dexamethasone,Casopitant
Casopitant,Ondansetron
Levofloxacin,Ceftriaxone
Gemcitabine,Erlotinib
Oxaliplatin,Erlotinib
Lenalidomide,Sotatercept
Dexamethasone,Sotatercept
Erlotinib,Teprotumumab
Paclitaxel,Olaparib
Prednisone,Etoposide
Prednisone,Bleomycin
Prednisone,Procarbazine
Etoposide,Bleomycin
Etoposide,Procarbazine
Doxorubicin,Bleomycin
Doxorubicin,Procarbazine
Bleomycin,Procarbazine
Peginterferon,Thymalfasin
Ribavirin,Thymalfasin
Lidocaine,Chlorhexidine
Letrozole,Cetrorelix
Zibotentan,Midazolam
Rapamycin,Abciximab
Humalog,Insulin
Pregnyl,Buserelin
Metformin,Canakinumab
Salmeterol,Formoterol
Amoxicillin,Moxifloxacin
Amoxicillin,Esomeprazole
Moxifloxacin,Esomeprazole
Rapamycin,Campath
Metoprolol,Felodipine
Rapamycin,Basiliximab
Lidocaine,Nitroglycerin
Paclitaxel,Iniparib
Methotrexate,Enbrel
Cytarabine,Zosuquidar
Cytarabine,Sargramostim
Cytarabine,Filgrastim
Zosuquidar,Sargramostim
Zosuquidar,Filgrastim
Zosuquidar,Daunorubicin
Sargramostim,Filgrastim
Sargramostim,Daunorubicin
Filgrastim,Daunorubicin
Prednisone,Rapamycin
Cholecalciferol,Sertraline
Carboplatin,Sepantronium
Paclitaxel,Sepantronium
Levetiracetam,Brivaracetam
Levetiracetam,Lorazepam
Brivaracetam,Lorazepam
Pyrimethamine,Azithromycin
Azithromycin,Sulfadoxine
Bevacizumab,Epirubicin
Bevacizumab,Cyclophosphamide
Aspirin,Prasugrel
Clopidogrel,Prasugrel
Rosiglitazone,Ethacrynic
Paclitaxel,Docetaxel
Erlotinib,Docetaxel
Adalimumab,Betamethasone
Adalimumab,Calcipotriol
Cediranib,Lomustine
Indomethacin,Rilonacept
Fluticasone,Prazosin
Fluticasone,Oxymetazoline
Prazosin,Oxymetazoline
Valproic,Olanzapine
Gefitinib,Fulvestrant
Epinephrine,Vasopressin
Epinephrine,Methylprednisolone
Vasopressin,Methylprednisolone
Pioglitazone,Exenatide
Vitamin,Betaine
Vitamin,Levomefolic
Vitamin,Creatine
Betaine,Levomefolic
Betaine,Creatine
Levomefolic,Creatine
Prednisone,Mitoxantrone
Diphenhydramine,Temsirolimus
Azithromycin,Rifampin
Verteporfin,Ranibizumab
Paclitaxel,Elesclomol
Valproic,Doxorubicin
Rifampin,Doxycycline
Lenalidomide,Azacitidine
Oxycodone,Hydromorphone
Estradiol,Leuprolide
Propranolol,Etodolac
Cisplatin,Erlotinib
Methotrexate,Prednisolone
Prednisolone,Enbrel
Metformin,Lixisenatide
Formoterol,Tiotropium
Valsartan,Pravastatin
Bevacizumab,Topotecan
Rituximab,Chlorambucil
Cyclophosphamide,Ofatumumab
Fludarabine,Ofatumumab
Prednisone,Tacrolimus
Aspirin,Cilostazol
Clopidogrel,Cilostazol
Trimethoprim,Isoniazid
Isoniazid,Sulfamethoxazole
Vitamin,Teriparatide
Vitamin,Calcium
Teriparatide,Calcium
Bortezomib,Idarubicin
Goserelin,Anastrozole
Heparin,Abciximab
Epirubicin,Paclitaxel
Fluorouracil,Paclitaxel
Clarithromycin,Ceftaroline
Ampicillin,Sulbactam
Ampicillin,Cefuroxime
Sulbactam,Cefuroxime
Romiplostim,Azacitidine
Peginterferon,Boceprevir
Ribavirin,Boceprevir
Gefitinib,Simvastatin
Fentanyl,Midazolam
Pyrimethamine,Piperaquine
Sulfadoxine,Piperaquine
Temozolomide,Vorinostat
Methotrexate,Infliximab
Fenofibrate,Lapaquistat
Niacin,Rosuvastatin
Rosuvastatin,Laropiprant
Interferon,Dacarbazine
Interferon,Fotemustine
Dacarbazine,Fotemustine
Carboplatin,Doxorubicin
Duloxetine,Escitalopram
Atorvastatin,Interferon
Atorvastatin,Lapaquistat
Tacrolimus,Basiliximab
Everolimus,Basiliximab
Clavulanate,Bismuth
Clavulanate,Furazolidone
Clavulanate,Esomeprazole
Amoxicillin,Bismuth
Amoxicillin,Furazolidone
Bismuth,Furazolidone
Bismuth,Esomeprazole
Furazolidone,Esomeprazole
Metformin,Clomifene
Lamivudine,Emtricitabine
Rosuvastatin,Lapaquistat
Salmeterol,Omalizumab
Formoterol,Omalizumab
Ceftriaxone,Ertapenem
Tenofovir,Raltegravir
Emtricitabine,Raltegravir
Tetracycline,Furazolidone
Vinorelbine,Cisplatin
Ceftriaxone,Oxacillin
Aspirin,Telmisartan
Telmisartan,Dipyridamole
Peginterferon,Epoetin-alpha
Ribavirin,Epoetin-alpha
Boceprevir,Epoetin-alpha
Rituximab,Campath
Aspirin,Melphalan
Prednisone,Aspirin
Enalapril,Carvedilol
Fluoxetine,Lithium
Lithium,Venlafaxine
Ibuprofen,Telcagepant
Ritonavir,Colchicine
Cyclosporine,Tacrolimus
Cyclosporine,Everolimus
Cyclosporine,Pimecrolimus
Tacrolimus,Pimecrolimus
Everolimus,Pimecrolimus
Candesartan,Nifedipine
Glimepiride,Dapagliflozin
Rosiglitazone,Pioglitazone
Rosiglitazone,Dapagliflozin
Pioglitazone,Dapagliflozin
Aspirin,Pioglitazone
Efavirenz,Stavudine
Arginine,Vitamin
Lidocaine,Bupivacaine
Lidocaine,Clonidine
Bupivacaine,Clonidine
Drotrecogin,Enoxaparin
Vancomycin,Floxacillin
Vancomycin,Nafcillin
Vancomycin,Oxacillin
Vancomycin,Teicoplanin
Floxacillin,Nafcillin
Floxacillin,Oxacillin
Floxacillin,Teicoplanin
Nafcillin,Oxacillin
Nafcillin,Teicoplanin
Oxacillin,Teicoplanin
Pemetrexed,Carboplatin
Prednisone,Atrasentan
Docetaxel,Atrasentan
Octenidine,1-propanol
Furosemide,Conivaptan
Simvastatin,Atorvastatin
Prednisolone,Everolimus
Prednisolone,Basiliximab
Prednisolone,Mycophenolate
Morphine,Acetaminophen
Nevirapine,Carbamazepine
Sulfonylurea,Liraglutide
Levonorgestrel,Ethinyl
Levonorgestrel,Doxycycline
Ethinyl,Doxycycline
Colchicine,Ketoconazole
Polyethylene,Bisacodyl
Epirubicin,Oxaliplatin
Epirubicin,Capecitabine
Epirubicin,Panitumumab
Capecitabine,Panitumumab
Warfarin,LMWH
Goserelin,Ketoconazole
Goserelin,Dutasteride
Ketoconazole,Dutasteride
Ketoconazole,Bicalutamide
Dutasteride,Bicalutamide
Ciprofloxacin,Tobramycin
Peginterferon,Follitropin
Ribavirin,Follitropin
Pentobarbital,Thiopental
Methotrexate,Simvastatin
Methotrexate,Tocilizumab
Simvastatin,Tocilizumab
Etoposide,Cytarabine
Etoposide,Mitoxantrone
Etoposide,Plerixafor
Cytarabine,Mitoxantrone
Cytarabine,Plerixafor
Mitoxantrone,Plerixafor
Cyclophosphamide,Methotrexate
Fluticasone,Prednisolone
Ocrelizumab,Methylprednisolone
Alogliptin,Voglibose
Sildenafil,Methyltestosterone
Gabapentin,Duloxetine
Sorafenib,Azacitidine
Misoprostol,Mifepristone
Ritonavir,Pitavastatin
Lopinavir,Pitavastatin
Doxorubicin,Dexamethasone
Dexamethasone,Trabectedin
Glyburide,Saxagliptin
Metformin,Spironolactone
Lopinavir,Atazanavir
Benzathine,Doxycycline
2-Propanol,Ethanol
Acetaminophen,Telcagepant
Cyclosporine,Prednisone
Prednisone,Basiliximab
Methotrexate,Prednisone
Teriparatide,Denosumab
Irinotecan,Carboplatin
Timolol,Prostaglandin
Brimonidine,Prostaglandin
Formoterol,Terbutaline
Budesonide,Terbutaline
Lansoprazole,Bosutinib
Olmesartan,Azelnidipine
Desirudin,Argatroban
Morphine,Ketamine
Venlafaxine,Duloxetine
Venlafaxine,Donepezil
Venlafaxine,Escitalopram
Duloxetine,Donepezil
Donepezil,Escitalopram
Bevacizumab,Interferon
Pemetrexed,Enzastaurin
Carboplatin,Enzastaurin
Phenylbutyrate,Cholecalciferol
Prednisolone,Thalidomide
Prednisolone,Melphalan
Bevacizumab,Gemcitabine
Losartan,Aliskiren
Rifampin,Brentuximab
Peginterferon,Nitazoxanide
Ribavirin,Nitazoxanide
Paricalcitol,Cinacalcet
Simvastatin,Interferon
Deferoxamine,Deferasirox
Ticlopidine,Itraconazole
Buprenorphine,Heroin
Naloxone,Heroin
Cyclophosphamide,Clofarabine
Clofarabine,Etoposide
Leuprolide,Progestrone
Azithromycin,Artesunate
Oxaliplatin,Etoposide
Oxaliplatin,Carboplatin
Irinotecan,Etoposide
Etoposide,Carboplatin
Prednisone,Abiraterone
Niacin,Aspirin
Lithium,Riluzole
Oxycodone,Naloxone
Peginterferon,Sofosbuvir
Trimethoprim,Nitrofurantoin
Nitrofurantoin,Sulfamethoxazole
Zotarolimus,Clopidogrel
Bortezomib,Methotrexate
Bortezomib,Tacrolimus
Methotrexate,Tacrolimus
Niacin,Ezetimibe
Bevacizumab,Fotemustine
Ciprofloxacin,Sulfamethoxazole
Losartan,Nebivolol
Imatinib,Cytarabine
Imatinib,Interferon
Cytarabine,Interferon
Dorzolamide,Prostaglandin
Epirubicin,Cisplatin
Montelukast,Fluticasone
Etoposide,Tipifarnib
Gefitinib,Cisplatin
Gefitinib,Pemetrexed
Tropisetron,Risperidoene
Dexamethasone,Docetaxel
Dexamethasone,Aflibercept
Docetaxel,Aflibercept
Sorafenib,Sunitinib
Doxorubicin,Lapatinib
Vitamin,Memantine
Fenofibrate,Lovaza
Zoledronate,Vitamin
Zoledronate,Calcium
Tamoxifen,Exemestane
Lamotrigine,Paroxetine
Gefitinib,Sunitinib
Rosiglitazone,Sulfonylurea
Prednisolone,Acetylcysteine
Epinephrine,Hydrocortisone
Hydrocortisone,Vasopressin
Hydrocortisone,Methylprednisolone
Aspirin,Esomeprazole
Cyclophosphamide,Cytarabine
Cyclophosphamide,Sargramostim
Cyclophosphamide,Gemtuzumab
Cyclophosphamide,Daunorubicin
Cyclophosphamide,Busulfan
Cytarabine,Gemtuzumab
Cytarabine,Busulfan
Sargramostim,Gemtuzumab
Sargramostim,Busulfan
Gemtuzumab,Daunorubicin
Gemtuzumab,Busulfan
Daunorubicin,Busulfan
Olanzapine,Sertraline
Tetracaine,Oxymetazoline
Prednisone,Methylprednisolone
Bupropion,Escitalopram
Paclitaxel,Clopidogrel
Naltrexone,Buprenorphine
Valproic,Aripiprazole
Lamivudine,Nelfinavir
Docetaxel,Dasatinib
Everolimus,Exemestane
Ramipril,Irbesartan
Ketoconazole,Brentuximab
Atorvastatin,Rosuvastatin
Linezolid,Ceftriaxone
Fluorouracil,Sunitinib
Leucovorin,Sunitinib
Irinotecan,Sunitinib
Oxaliplatin,Dexamethasone
Oxaliplatin,Floxuridine
Capecitabine,Dexamethasone
Capecitabine,Floxuridine
Dexamethasone,Floxuridine
Pyrimethamine,Amodiaquine
Pyrimethamine,Sulfalene
Amodiaquine,Sulfalene
Follitropin,Triptorelin
Sitagliptin,Insulin
Cyclophosphamide,Methylprednisolone
Cyclophosphamide,Azathioprine
Prednisone,Azathioprine
Carboplatin,Zibotentan
Paclitaxel,Zibotentan
Doxorubicin,Canfosfamide
Sitagliptin,Liraglutide
Verapamil,Lithium
Montelukast,Prednisolone
Ipilimumab,Dacarbazine
Naltrexone,Sertraline
Artesunate,Sulfalene
Tenofovir,Atazanavir
Cobicistat,Atazanavir
Cyclophosphamide,Carboplatin
Cisplatin,Interferon
Fluorouracil,Interferon
Cytarabine,Lintuzumab
Gemcitabine,Cyclophosphamide
Gemcitabine,Doxorubicin
Gemcitabine,Paclitaxel
Lamivudine,Entecavir
Lamivudine,Adefovir
Fentanyl,Mepivacaine
Fluticasone,Formoterol
Phenylephrine,Metoclopramide
Zoledronate,Leuprolide
Spironolactone,Furosemide
Furosemide,Mannitol
Aldesleukin,Cyclophosphamide
Aldesleukin,Etoposide
Aldesleukin,Filgrastim
Cyclophosphamide,Filgrastim
Etoposide,Filgrastim
Piperaquine,Primaquine
Dihydroartemisinin,Primaquine
Fluoxetine,Citalopram
Ibandronate,Calcium
Ibandronate,Alfacalcidol
Calcium,Alfacalcidol
Lamivudine,Raltegravir
Melphalan,Busulfan
Lenalidomide,Filgrastim
Cyclophosphamide,Melphalan
Melphalan,Filgrastim
Everolimus,Clopidogrel
Amodiaquine,Sulfadoxine
Naltrexone,Paroxetine
Naltrexone,Desipramine
Paroxetine,Desipramine
Campath,Sargramostim
Miltefosine,Paromomycin
Prednisolone,Exenatide
Simvastatin,Pravastatin
Ezetimibe,Fenofibrate
Fenofibrate,Atorvastatin
Bexarotene,Methoxsalen
Phenylephrine,Pseudoephedrine
Cetuximab,Vinorelbine
Cetuximab,Cisplatin
Lixisenatide,Insulin
Interferon,Interferon
Warfarin,Apixaban
Enoxaparin,Apixaban
Pantoprazole,Rebamipide
Cyclophosphamide,Obinutuzumab
Vincristine,Obinutuzumab
Prednisone,Obinutuzumab
Doxorubicin,Obinutuzumab
Prednisone,Levofloxacin
Trastuzumab,Pertuzumab
Pyrimethamine,Primaquine
Sulfadoxine,Primaquine
Irbesartan,Captopril
Prednisolone,Azathioprine
Ethinyl,Desogestrel
Pyridoxine,Doxylamine
Metformin,Linagliptin
Ethinyl,Norgestrel
Brimonidine,Brinzolamide
Dextromethorphan,Quinidine
Ethinyl,Levomefolate
Drospirenone,Levomefolate
Dienogest,Estradiol
Lidocaine,Dexamethasone
Topiramate,Phentermine
Vilanterol,Fluticasone
Conjugated,Bazedoxifene
Tenofovir,Rilpivirine
Emtricitabine,Rilpivirine
Famotidine,Ibuprofen
Isoproterenol,Acetylcysteine
Hydrocortisone,Aciclovir
Aluminum,Magnesium
Ampicillin,Probenecid
Caffeine,Propoxyphene
Propoxyphene,Aspirin
Aspirin,Hydrocodone
Pentazocine,Aspirin
Aspirin,Pravastatin
Atropine,Difenoxin
Atropine,Edrophonium
Atropine,Meperidine
Pseudoephedrine,Azatadine
Fluticasone,Azelastine
Azithromycin,Trovafloxacin
Lidocaine,Bacitracin
Lidocaine,Polymyxin
Lidocaine,Neomycin
Chlorthalidone,Betaxolol
Pilocarpine,Betaxolol
Codeine,Bromodiphenhydramine
Famotidine,Magnesium
Famotidine,Calcium
Magnesium,Calcium
Risedronate,Calcium
Meglumine,Calcium
Meglumine,Metrizoic
Calcium,Metrizoic
Lidocaine,Ceftriaxone
Chloramphenicol,Desoxyribonuclease
Chloramphenicol,Fibrinolysin
Desoxyribonuclease,Fibrinolysin
Hydrocortisone,Chloramphenicol
Polymyxin,Chloramphenicol
Prednisolone,Chloramphenicol
Chlordiazepoxide,"Estrogens,"
Chlorhexidine,Isopropyl
Chlorothiazide,Reserpine
Phenylephrine,Chlorpheniramine
Chlorpheniramine,Phenylpropanolamine
Codeine,Chlorpheniramine
Chlorthalidone,Clonidine
Metoprolol,Chlorthalidone
Chlorthalidone,Reserpine
Nystatin,Clioquinol
Dalfopristin,Quinupristin
Hydrochlorothiazide,Deserpidine
Deserpidine,Methyclothiazide
Neomycin,Dexamethasone
Polymyxin,Dexamethasone
Lidocaine,Heparin
Lidocaine,Dihydroergotamine
Heparin,Dihydroergotamine
Diltiazem,Enalapril
Naproxen,Diphenhydramine
Pseudoephedrine,Diphenhydramine
Fentanyl,Droperidol
Ceftazidime,Metronidazole
Ceftazidime,Avibactam
Metronidazole,Avibactam
Glipizide,Pioglitazone
Glipizide,Sitagliptin
Pioglitazone,Sitagliptin
Cetuximab,Docetaxel
Tenofovir,Ritonavir
Ritonavir,Emtricitabine
Chlorthalidone,Amiloride
Vincristine,Melphalan
Prednisone,Dexamethasone
Doxorubicin,Melphalan
Melphalan,Dexamethasone
Reteplase,Abciximab
Tenofovir,Lopinavir
Emtricitabine,Lopinavir
Rituximab,Bortezomib
Rituximab,Bendamustine
Bortezomib,Bendamustine
Interferon,Methylprednisolone
Metformin,Exenatide
Dexamethasone,Anakinra
Nevirapine,Ritonavir
Nevirapine,Lopinavir
Didanosine,Lopinavir
Prednisone,Dasatinib
Bevacizumab,Doxorubicin
Doxorubicin,Capecitabine
Montelukast,Salmeterol
Cisplatin,Carboplatin
Bisoprolol,Telmisartan
Cyclophosphamide,Ibritumomab
Fludarabine,Ibritumomab
Trospium,Solifenacin
Latanoprost,Brinzolamide
Melphalan,Fludarabine
Fludarabine,Busulfan
Bupivacaine,Fentanyl
Epinephrine,Fentanyl
Tamsulosin,Solifenacin
Bortezomib,Decitabine
Sildenafil,Tadalafil
Dornase,Mannitol
Indacaterol,Tiotropium
Brimonidine,Latanoprost
Sorafenib,Fluorouracil
Docetaxel,Linifanib
Gemcitabine,Axitinib
Ziprasidone,Risperidoene
Ziprasidone,Quetiapine
Risperidoene,Quetiapine
Dexamethasone,Palonosetron
Palonosetron,Aprepitant
Docetaxel,Casopitant
Bortezomib,Doxorubicin
Oxaliplatin,Tegafur
Oxaliplatin,Potassium
Oxaliplatin,"5-2,4-dihydroxypyrimidine"
Metformin,Sulfonylurea
Sulfonylurea,Canagliflozin
Insulin,Insulin
Lenalidomide,Doxorubicin
Prednisone,Cabazitaxel
Celecoxib,Chenodeoxycholic
Sorafenib,Tegafur
Sorafenib,Uracil
Tegafur,Uracil
Ethambutol,Efavirenz
Ethambutol,Lamivudine
Pyrazinamide,Lamivudine
Olanzapine,Ziprasidone
Olanzapine,Risperidoene
Olanzapine,Quetiapine
Olanzapine,Aripiprazole
Ziprasidone,Aripiprazole
Risperidoene,Aripiprazole
Quetiapine,Aripiprazole
Acamprosate,Escitalopram
Cholecalciferol,Insulin
L-NMMA,Trimethaphan
Rosiglitazone,Somatropin
Mycophenolate,Belatacept
Tacrolimus,Belatacept
Basiliximab,Belatacept
Metformin,Colesevelam
Rituximab,Bleomycin
Rituximab,Vinblastine
Rituximab,Dacarbazine
Doxorubicin,Vinblastine
Doxorubicin,Dacarbazine
Bleomycin,Vinblastine
Bleomycin,Dacarbazine
Vinblastine,Dacarbazine
Peginterferon,Simeprevir
Ribavirin,Simeprevir
Peginterferon,Telaprevir
Ribavirin,Telaprevir
Clarithromycin,Ceftriaxone
Artesunate,Pyronaridine
Estradiol,Conjugated
Estradiol,Progestrone
Conjugated,Progestrone
Oxaliplatin,Vandetanib
Metronidazole,Amoxicillin
Metronidazole,Clarithromycin
Rivastigmine,Memantine
Tacrolimus,Campath
Carboplatin,Trientine
Cytarabine,Midostaurin
Midostaurin,Daunorubicin
Nicorandil,Adenosine
Mycophenolate,Methylprednisolone
Telmisartan,Clopidogrel
Captopril,Aliskiren
Rosuvastatin,Enoxaparin
Chlordiazepoxide,Pioglitazone
Chlordiazepoxide,Citalopram
Pioglitazone,Citalopram
Bupivacaine,Hydromorphone
Peginterferon,Danoprevir
Ribavirin,Danoprevir
Nevirapine,Ethambutol
Nevirapine,Efavirenz
Nevirapine,Isoniazid
Tricalcium,RHpDGF-BB
Cyclosporine,Anti-thymocyte
Cyclophosphamide,Prednisolone
Sorafenib,Doxorubicin
Metronidazole,Ceftriaxone
Salmeterol,Indacaterol
Vorinostat,Azacitidine
Gemtuzumab,Azacitidine
Moclobemide,Amisulpride
Methylphenidate,Dextroamphetamine
Valproic,Decitabine
Rituximab,Dexamethasone
Peginterferon,Escitalopram
Ribavirin,Escitalopram
Fulvestrant,Anastrozole
Topotecan,Obatoclax
Valproic,Carboplatin
Carboplatin,Azacitidine
Enalapril,Candesartan
Norethindrone,Triptorelin
Epinephrine,Dopexamine
Epinephrine,Norepinephrine
Epinephrine,Dobutamine
Dopexamine,Norepinephrine
Dopexamine,Dobutamine
Edoxaban,LMWH
Fluticasone,Clarithromycin
Bupropion,Citalopram
Bupropion,Sertraline
Citalopram,Sertraline
Ritonavir,Tipranavir
Docetaxel,Pertuzumab
Cyclosporine,Prednisolone
Cisplatin,Imatinib
Clonazepam,Sertraline
Lactate,Bicarbonate
Capecitabine,Enzastaurin
Heparin,Edoxaban
Amlodipine,Amiloride
Amlodipine,Simvastatin
Amiloride,Simvastatin
Amiloride,Telmisartan
Simvastatin,Telmisartan
Metformin,Gliclazide
Cetuximab,Mitoxantrone
Rosiglitazone,Insulin
Posaconazole,Tolterodine
Amlodipine,Losartan
Cyclosporine,Infliximab
Sildenafil,Phentolamine
Sildenafil,Alprostadil
Sildenafil,Papaverine
Phentolamine,Alprostadil
Phentolamine,Papaverine
Alprostadil,Papaverine
Levofloxacin,Enbrel
Insulin,Exenatide
Nevirapine,Fluconazole
Stavudine,Fluconazole
Lamivudine,Fluconazole
Prednisone,Fexofenadine
Prednisone,Aprepitant
Fexofenadine,Aprepitant
